{"slugs": ["knock", "exhaust", "wheel-bearing"], "captions": ["engine knock", "exhaust leak", "wheel bearing noise"], "cosine": [[0.9323999881744385, -0.9122999906539917, -0.07490000128746033], [-0.8974000215530396, 0.9602000117301941, 0.0010999999940395355], [-0.32170000672340393, 0.14090000092983246, 0.873199999332428]], "probs": [[0.9998999834060669, 0.0, 9.999999747378752e-05], [0.0, 0.9998999834060669, 9.999999747378752e-05], [0.0, 0.0010000000474974513, 0.9990000128746033]]}